id,friendly_id,title,type,start_date,start_time,duration,speakers,primary_authors,coauthors,affiliations,description,attachment_count,url,session,location,room
82,82,Anomaly Detection in the CERN Proton Synchrotron RF Systems Using Machine Learning,Oral,2025-10-15,14:30:00,20,"Wulff, Joel Axel","Wulff, Joel Axel","Lasheen, Alexandre",CERN,"The CERN Proton Synchrotron (PS) is equipped with several RF systems covering a wide range of revolution frequency harmonics. While the beam synchronous RF signal generation and cavity controllers are mostly digital, the global low-level RF beam loops still rely on analogue hardware. Upgrades to a fully digital system are underway. 

Digitizing additional key signals from the present beam control recently enabled the exploration of automated monitoring methods. Subtle RF issues such as paramet",1,https://indico.jlab.org/event/939/contributions/17441/,,,
95,95,Electromagnetic compatibility. Does it matter when everything is digital anyway?,Oral,2025-10-15,13:20:00,50,"Valuch, Daniel","Valuch, Daniel",,CERN,"With evolution of technology, accelerator RF systems are becoming more and more complex and dense. At the same time, requirements for performance, precision or noise floor are getting increasingly tighter. Electromagnetic compatibility and signal integrity must be part of the design right from the beginning regardless if is it a 1 MW RF amplifier or an FPGA sitting on a 10 layer printed board. 

In this tutorial, we will recap basic principles of EMC and signal integrity and discuss some of th",1,https://indico.jlab.org/event/939/contributions/17509/,,Newport News Marriott at City Center,
98,98,BNL Lab Talk,Oral,2025-10-13,11:42:00,12,"Mernick, Kevin","Mernick, Kevin","Singh, Arshdeep; Severino, Freddy; Narayan, Geetha; Fahey, Kyle; McCooey, Michael; Mai, Samson",Brookhaven National Lab; Brookhaven National Laboratory; Brookhaven National Labs,"This talk will review the LLRF activities at BNL for the Collider-Accelerator complex and the Electron-Ion Collider (EIC). Topics include analysis, specification and development of systems for the EIC as well as operational highlights for the Relativistic Heavy Ion Collider (RHIC) and its injector complex.",2,https://indico.jlab.org/event/939/contributions/17530/,,,
94,94,Crab Cavity Low-Level RF in hadron machines,Oral,2025-10-13,13:15:00,50,"Mastoridis, Themis","Mastoridis, Themis",,"California Polytechnic State University, San Luis Obispo","The Crab Cavity Low-Level RF systems in hadron machines will have to reduce the Crab Cavity impedance to prevent transverse instabilities, while regulating the crabbing voltage and minimizing the Radio Frequency noise levels injected to the beam. These are challenging and partly conflicting requirements. In this talk, I will summarize the studies that set the Crab Cavity LLRF specifications and guide the design. I will also present possible trade-offs in the architecture and identify the major c",1,https://indico.jlab.org/event/939/contributions/17510/,,Newport News Marriott at City Center,
18,18,LLRF System Analysis for the Fermilab PIP-II Superconducting LINAC,Oral,2025-10-14,10:50:00,20,"Varghese, Philip","Varghese, Philip","Reyes, Lennon; Guran, Matei; Sankar Raman, Shrividhyaa",Fermilab,PIP-II is a superconducting linac that is in the initial acceleration chain for the Fermilab accelerator complex. The RF system consists of a warm front-end with  an RFQ and buncher cavities along with 25 superconducting cryo-modules comprised of cavities with five different acceleration β. The LLRF system for the linac has to provide field and resonance control for a total of 125 RF cavities. Various components of the LLRF system have been tested with  and without beam at the PIP-II test stands,2,https://indico.jlab.org/event/939/contributions/17404/,,,
62,62,Piezo compensation algorithm for SC cavities at ESS,Oral,2025-10-14,11:10:00,20,"Svensson, Anders","Svensson, Anders",,European Spallation Source,The 3 ms long RF pulse at ESS will make Lorentz force detuning (LFD) significant for the superconductive cavities and at 14 Hz repetition rate some ringing might still be present at the start of the next pulse. An iterative compensation algorithm have been developed to reduce the required overhead to maintain a constant cavity field. It is based on detuning calculation of each pulse and provides a voltage to the Piezo stack to counteract LFD. Design details and initial results will be presented.,1,https://indico.jlab.org/event/939/contributions/17463/,,,
85,85,APS-Upgrade Digital LLRF Systems Summary*,Oral,2025-10-14,09:45:00,20,"Berenc, Tim","Berenc, Tim","Breeding, John; Madden, Timothy; Yang, Yawei",Argonne National Laboratory; Cutting Edge Communications,"Various digital low-level radiofrequency (LLRF) systems are now operating for the Advanced Photon Source Upgrade (APS-U).  This includes a passive superconducting bunch-lengthening cavity LLRF system primarily used for quench detection and signal monitoring of both the cavity and beam.  The original analog-based LLRF systems for the klystron-driven main accelerating cavities were kept intact.  However, a digital 60-Hz-harmonic-related rf noise suppression (RFNS) system was added to suppress nois",1,https://indico.jlab.org/event/939/contributions/17419/,,,
77,77,Status of the ISIS Digital LLRF Systems,Oral,2025-10-15,10:50:00,20,"Seville, Andrew","Seville, Andrew","Allen, David; Farthing, Neil; Gardner, Ian; Gibbs, David; Letchford, Alan; Mathieson, Robert",UKRI,"A digital LLRF system [1] has been successfully developed and deployed for control of the accelerating Voltages on the Ferrite loaded RF cavities on the ISIS Synchrotron over the last decade. The final stage of the digital control system has recently been completed which now includes digital control of the cavity tuning.
Similar National Instruments FPGA modules to those used in the Synchrotron LLRF system have been used to develop a LLRF control system for the RAL Front End Test Stand (FETS) [",1,https://indico.jlab.org/event/939/contributions/17451/,,,
108,108,Radio Frequency Astronomy,Oral,2025-10-15,11:30:00,40,"Morgan, Matt","Morgan, Matt",,The National Radio Astronomy Observatory (NRAO),"The talk will begin with an overview of the National Radio Astronomy Observatory (NRAO), a facility of the National Science Foundation (NSF) tasked with building and operating radio telescopes and instrumentation for the global astrophysics community. I will briefly describe the four world-class instruments we currently operate, along with forthcoming key instrumentation upgrades and the Next Generation Very Large Array (ngVLA) currently under development. This will be followed by an introductio",1,https://indico.jlab.org/event/939/contributions/17784/,,Newport News Marriott at City Center,
91,91,Analysis of Deployment Challenges for Machine Learning Signal Processing Algorithms,Oral,2025-10-15,14:10:00,20,"Edelen, Jonathan","Edelen, Jonathan","Hall, Christopher; Rajesh, Vikshar",RadiaSoft,"A challenge that industrial particle accelerators face is the high amounts of noise in sensor readings. This noise obscures essential beam diagnostic and operation data, limiting the amount of information that is relayed to machine operators and beam instrumentation engineers. Machine learning-based techniques have shown great promise in isolating noise patterns while preserving high-fidelity signals, enabling more accurate diagnostics and performance tuning. Our work focuses on investigating th",1,https://indico.jlab.org/event/939/contributions/17444/,,,
35,35,A Universal Cavity Controller for testing SRF cavities at CERN,Oral,2025-10-14,11:30:00,20,"Barrientos, Diego","Barrientos, Diego","Balocchi, Leonardo; Brunner, Kristof; Geis, Korbinian; Macpherson, Alick; Millar, Lee; Stapley, Niall; Wlostowski, Tomasz",CERN,"As the use of SRF cavities continuously increases at CERN, testing facilities are also being upgraded. Due to the variety of operating frequencies, ranging from 400 MHz to 1.3 GHz, a generic cavity controller has been designed implementing Generator Driven (GD) and Self-Excited Loop (SEL) modes. A modern approach for separating gateware, embedded firmware (micro-controller unit) and low-level software, as well as Continuous Integration (CI) for automatic bitstream generation and simulation have ",2,https://indico.jlab.org/event/939/contributions/17470/,,,
60,60,LBNL Lab Talk,Oral,2025-10-13,11:18:00,12,"Ratti, Alessandro","Ratti, Alessandro",,,"This presentation will highlight LLRF activities at LBNL, covering both our accelerators, the collaborations with other laboratories and some applications beyond accelerator controls.",0,https://indico.jlab.org/event/939/contributions/17454/,,,
76,76,Advanced LLRF Automation and Diagnostic Strategies for Horizontal Testing of HIAF SRF Cavities,Oral,2025-10-16,09:05:00,20,"QIU, FENG","QIU, FENG",,Institute of Modern Physics,"The High Intensity heavy-ion Accelerator Facility (HIAF), currently under construction, will employ a series of superconducting RF (SRF) cavities in its injector linac (iLinac) to accelerate heavy-ion beams. Comprehensive performance validation of each SRF cavity in a horizontal test stand prior to its installation in the accelerator tunnel is a critical prerequisite for the successful commissioning of the iLinac. To this end, we have developed an advanced Low-Level RF (LLRF) automation and diag",1,https://indico.jlab.org/event/939/contributions/17417/,,,
36,36,Multiharmonic enthusiast -- Applications of multiharmonic feedback in synchrotrons,Oral,2025-10-13,14:05:00,30,"Tamura, Fumihiko","Tamura, Fumihiko",,"Japan Atomic Energy Agency, J-PARC Center","Magnetic alloy (MA) cavities have wideband frequency responses, which allow multiharmonic rf voltage excitation in a single cavity. In the low level rf (LLRF) control system for the Japan Proton Accelerator Research Complex (J-PARC) Rapid Cycling Synchrotron (RCS) the multiharmonic vector rf voltage control feedback is implemented to realize the dual harmonic rf operation for bunch shaping and to compensate of the multiharmonic beam loading. The multiharmonic feedback consists of several classic",1,https://indico.jlab.org/event/939/contributions/17464/,,,
26,26,Upgrade of BEPC-II LLRF and synchronization system for the new PWFA research,Oral,2025-10-15,14:50:00,20,"Ma, Xinpeng","Ma, Xinpeng","Gan, Nan; Peng, Yongyi",IHEP,"BEPC-II(Beijing Electron Positron Collider) has been upgraded in past three years both on LLRF system and synchronization system. A new PWFA(Plasma Wake-Field Acceleration) test facility is built to verify electron and position collider based on PWFA principle including the world-first positron acceleration and world-first cascaded-stage acceleration. So this PWFA beam should be synchronized with beam from BEPC-II, new lasers, new phase reference line and LLRF has been built or upgraded. The sta",1,https://indico.jlab.org/event/939/contributions/17447/,,,
7,7,Noise feedback system for Crab Cavities in Large Hadron Collider,Oral,2025-10-15,09:05:00,30,"Valuch, Daniel","Valuch, Daniel; Marinov, Dimitar; Hagmann, Gregoire; Calaga, Rama",,CERN,"Superconducting RF crab cavities will be implemented in the upcoming High-Luminosity LHC upgrade to compensate the luminosity loss due to a large crossing angle at the interactions points. In order to be beneficial for luminosity, the crab cavity system must have extremely good RF noise performance, else the emittance blow-up from its own noise may further degrade the luminosity.
Required noise performance of the Low-level RF and High-power RF systems is beyond the limit of what is possible wit",1,https://indico.jlab.org/event/939/contributions/17474/,,,
11,11,DESY lab talk,Oral,2025-10-13,09:52:00,12,"Branlard, Julien","Branlard, Julien",,DESY,Overview of the latest LLRF developments at DESY. This includes a short report on XFEL and FLASH operation and upgrades. Some R&D highlights related to the preparation work towards continuous wave operation of the European XFEL and DESY's involvement with the iSAS European project (Innovate for Sustainable Accelerator Systems) will also be presented.,2,https://indico.jlab.org/event/939/contributions/17405/,,,
48,48,"Upgrade of the Barrier Bucket LLRF system for High-Intensity, Low-Loss Multi-Turn Extraction at the CERN PS",Oral,2025-10-15,11:10:00,20,"Gavric, Toma","Gavric, Toma","Woolley, Benjamin; Damerau, Heiko; Vadai, Mihaly; Brischetto, Ylenia",CERN; SolidWatts,"The CERN Proton Synchrotron (PS) LLRF system is one of the oldest in operation at CERN. To meet the growing demands of high-intensity fixed-target experiments at CERN, a sophisticated beam manipulation technique combining barrier-bucket radiofrequency gymnastics with Multi-Turn Extraction (MTE) has been developed and successfully implemented in the PS. 
The newly developed system enables cycle to cycle updates off the turn-synchronous voltage waveform applied to the wide-band Finemet cavity. It",1,https://indico.jlab.org/event/939/contributions/17480/,,,
20,20,Compensating for Amplifier Non-Linearity in a SEL Controller,Oral,2025-10-14,09:25:00,20,"Sankar Raman, Shrividhyaa","Sankar Raman, Shrividhyaa","Varghese, Philip; Guran, Matei; Reyes, Lennon",Fermilab,"The SEL architecture used commonly in  CW superconducting linacs is a positive feedback system that requires determining the correct limits for the operating conditions to ensure stable operation. These limits are determined from the results of the amplifier calibration which characterizes the  dac drive(forward power) against the cavity field. When the amplifier non-linearity precludes a simple linear fit for this characteristic, its modification to account for the amplifiers non-linearity is e",1,https://indico.jlab.org/event/939/contributions/17429/,,,
87,87,Seven Years of RF Fault Identification at JLAB,Oral,2025-10-14,17:30:00,20,"Powers, Tom","Powers, Tom",,JLAB,"The digital low level RF systems that are used to operate 17 of the 53 cryomodules that are installed in CEBAF have the capability to log 17 waveforms either on demand or when one of the cavities in the cryomodules trips off. In 2018, the software and hardware in the digital low-level RF systems was configured such that a fault would trigger an acquisition process to record 17 RF waveform signals for each of the 8 cavities within the cryomodule for subsequent analysis. To date approximately 15,0",1,https://indico.jlab.org/event/939/contributions/17450/,,,
24,24,Lab Talk - Fermilab,Oral,2025-10-13,10:04:00,12,"Varghese, Philip","Varghese, Philip",,Fermilab,"An update on the various projects at Fermilab including PIP-II,  Mu2e ,  LBNF and the various test stands",2,https://indico.jlab.org/event/939/contributions/17461/,,,
103,103,Progress in Advanced Ferroelectric Technologies for Fast SRF Cavity Tuning,Oral,2025-10-14,11:50:00,20,"Kanareykin, Alexei","Kanareykin, Alexei",,Euclid Techlabs LLC,"With the talk, we present recent developments of the high-power microwave components with their applications for SRF accelerators. The first example is the Ferroelectric Fast Reactive Tuner (FE-FRT) developed by Euclid in collaboration with FNAL and BNL, and successfully tested at CERN. This technique has now become practically feasible due to the recent development of a new extremely low loss and fast (10 ns-100 ns time range) ferroelectric material, which has been tested, and fast frequency tu",1,https://indico.jlab.org/event/939/contributions/17667/,,,
16,16,New RF control system developments at LNF-INFN,Oral,2025-10-13,17:25:00,20,"Serenellini, Beatrice","Serenellini, Beatrice","Gallo, Alessandro; Michelotti, Andrea; Scarselletta, Giorgio; Latini, Giulia; Piersanti, Luca; Bellaveglia, Marco; Magnanimi, Riccardo; Tocci, Simone; Fang, Xianghe",INFN - LNF; INFN-LNF; Istituto Nazionale di Fisica Nucleare; LNF-INFN,"SPARC_LAB is a high-brightness e-beam for SASE-FEL (self-amplified spontaneous emission-FEL) experiments. It consists of a brazeless 1.6-cell S-band RF gun, two travelling wave S-band accelerating structures each 3 meters long, and a 1.4-meter C-band structure that acts as an energy booster. As part of the SABINA project, co-funded by the Lazio Regional Government for consolidation of SPARC_LAB, a significant upgrade of the RF control systems was completed last year. The activity involved the de",1,https://indico.jlab.org/event/939/contributions/17418/,,,
39,39,The progress of LLRF control system for SC linac in IMP,Oral,2025-10-14,09:05:00,20,"Gao, Zheng","Gao, Zheng",,,"The large scientific and technology facility of CiADS and HiAF, which powered by superconducting linac is under construction, and faces many technological challenges. The low level RF control system has been developed for these science and technology infrastructures for several years, and some new technology has been adopted to enhance the performance and flexibility of hardware, software and system integration. As a fully tested system, the LLRF control system has begun large-scale use online, ",1,https://indico.jlab.org/event/939/contributions/17476/,,,
6,6,JLAB talk,Oral,2025-10-13,11:06:00,12,"Plawski, Tomasz","Plawski, Tomasz","Latshaw, James; Tiskumara, Jayendrika; Settle, Joshua; Geesaman, Michael; Bachimanchi, Rama",Jefferson Lab,"The presentation will highlight key LLRF developments at Jefferson Lab, including the  Electron-Ion Collider (EIC) and the Proton Improvement Plan II (PIP-II).",2,https://indico.jlab.org/event/939/contributions/17090/,,,
110,110,Exception handling in SELAP (Self Excited Loop Amplitude and Phase) at JLAB,Oral,2025-10-16,10:25:00,25,"Bachimanchi, Rama","Bachimanchi, Rama",,Jefferson Lab,"SELAP (Self Excited Loop Amplitude and Phase) algorithm has been operational at Jefferson Lab for controlling high Q cavities since 2021. Core algorithm of controlling the amplitude and the phase works reliably independent of the environment. When combined with the operational aspects such as high microphonics, mechanical coupling between the cavities, heavy beam loading etc., lot of exception handling had to be added in the gateware and software for making the operation easier and reliable. Thi",1,https://indico.jlab.org/event/939/contributions/17830/,,Newport News Marriott at City Center,
25,25,Master Oscillator and Phase Reference Line Design for the PIP-II Linac,Oral,2025-10-15,15:10:00,20,"Syed, Ahmed","Syed, Ahmed","Cullerton, Edward; Vaughn, Brian; Pieper, Dustin; Stevenson, Susanna; Varghese, Philip",Fermilab,"The phase averaging reference line system provides the  RF phase reference , LO and clock signals to the LLRF and other accelerator subsystems. The PIP-II linac has RF systems at three frequencies – 162.5 MHz, 325 MHz and 650 MHz.  A temperature-stabilized, low-phase-noise oscillator is used as the master oscillator. Phase reference signals at 162.5 MHz, 325 MHz, and 650 MHz, along with LO signals at 182.5 MHz, 345 MHz, 670 MHz and  LLRF clocks at 1320 MHz  and 1300 MHz, are generated in tempera",1,https://indico.jlab.org/event/939/contributions/17475/,,,
96,96,System identifications of superconducting cavity parameters with recursive least squares algorithms,Oral,2025-10-14,17:10:00,20,"Ziemann, Volker","Ziemann, Volker",,Thomas Jefferson National Accelerator Facility,"Based on analyzing the forward and transmitted signals we describe
algorithms to continuously improve estimates of cavity parameters,
such as bandwidth and detuning. We also discuss the trade-off between
ultimately achievable precision and the ability to follow time-varying
parameters. The method can be adapted to additionally measure the
unloaded and the external quality factor.",3,https://indico.jlab.org/event/939/contributions/17520/,,,
93,93,High-Precision LLRF System for the upgrade of SXFEL,Oral,2025-10-13,14:35:00,20,"XIAO, CHENGCHENG","XIAO, CHENGCHENG; Fang, Wencheng; XU, YIMING",,SARI; SHANGHAI ADVANCED RESEARCH INSTITUTE,"A high-performance low-level radio frequency (LLRF) control system based on ZYNQ MPsoc has been developed to enable the digital and intelligent upgrade of Shanghai Soft X-ray Free-Electron Laser (SXFEL). It includes 8 channels of 310 MSPS 16-bit ADCs and 2 channels of 500 MSPS 16-bit DACs, capable of outputting continuous wave and pulse wave signals, respectively. The LLRF control system is equipped with an FMC(LPC) interface to communicate with the White Rabbit(WR) device in the control system,",1,https://indico.jlab.org/event/939/contributions/17412/,,,
9,9,LLRF Progress at FRIB: from Commissioning to Operation and Future Directions,Oral,2025-10-14,10:05:00,20,"Kunjir, Shriraj","Kunjir, Shriraj","Morris, Dan; Zhao, Shen",Facility for Rare Isotope Beams,"The Facility for Rare Isotope Beams (FRIB) was fully commissioned in 2021 and began user operations in May 2022. This talk provides an update on Low-Level Radio Frequency (LLRF) system activities at FRIB during the transition from commissioning to routine operation. Key efforts have focused on spare parts management and the development of advanced troubleshooting tools to support reliable system performance. We present operational insights from the early stages, including achieved performance me",1,https://indico.jlab.org/event/939/contributions/17482/,,,
58,58,Low-Level RF System Development for EIC Crab Cavities,Oral,2025-10-15,09:35:00,30,"Severino, Freddy","Severino, Freddy",,Brookhaven National Labs,"The Electron-Ion Collider (EIC) will operate with a 25 mrad crossing angle at the interaction points to enable rapid beam separation, reduce detrimental beam-beam effects, and provide space for forward detectors. This crossing geometry, however, significantly reduces the overlap region of the colliding bunches, resulting in nearly an order of magnitude luminosity loss. To restore effective head-on collisions and achieve maximum luminosity, crab cavities will apply transverse kicks to each bunch,",1,https://indico.jlab.org/event/939/contributions/17478/,,,
42,42,RF Phase Drift Measurements Using Two-tone Scheme,Oral,2025-10-14,16:40:00,30,"Grzegrzółka, Maciej","Šerlat, Andžej; Czuba, Krzysztof; Grzegrzółka, Maciej",,"Warsaw University of Technology; Warsaw University of Technology, Institute of Electronic Systems","Modern linear accelerators require more precise phase drift stability of RF reference signals. Various stabilization schemes were developed to ensure proper phase stability. This contribution presents the preliminary results of a novel two-tone-based RF signal phase drift measurement system intended to be used in the PIP-II Beam Instrumentation Phase Reference Line (BIRL). The presented test system achieved an excellent temperature coefficient of just 0.67 fs/°C.
The system operating principle ",1,https://indico.jlab.org/event/939/contributions/17409/,,,
47,47,"Development of new DLLRF for ALBA and ALBAII, for the main and for the 3rd harmonic RF systems",Oral,2025-10-13,16:35:00,30,"Solans, Pol","Solans, Pol","Perez, Francis; Shaker, Hamed",ALBA Synchrotron,"ALBA Low-Level RF (LLRF) system has provided over a decade reliable operation and has been adopted by other synchrotron facilities. To meet the evolving requirements of ALBA and ALBA-II, a new LLRF system has been developed for the current fundamental RF system and the future active normal conducting harmonic RF system. This new LLRF features FPGA and ADC/DAC µTCA boards designed by Safran, enabling direct 500 MHz signal sampling without down/up-conversion for the main RF system, while it requir",1,https://indico.jlab.org/event/939/contributions/17445/,,,
68,68,Reverse phase operation for CERN's FCC-ee 400 MHz RF system: Increasing flexibility brings challenges for cavity control,Oral,2025-10-13,14:55:00,20,"Karpov, Ivan","Karpov, Ivan",,CERN,"CERN's planned Future Circular electron-positron collider (FCC-ee) must accommodate very different RF system requirements at different energy points, driven by a fixed synchrotron radiation power budget of 100 MW. Recently, a unified RF cavity design with constant loaded quality factor suitable for three beam energies (45.6, 80, and 120 GeV) was adopted as the baseline. The new RF system implementation requires the inclusion of the reverse phase operation (RPO) scheme for the Z operating point (",1,https://indico.jlab.org/event/939/contributions/17468/,,,
33,33,RFSoC-Base  LLRF Development for CSNS-II LINAC,Oral,2025-10-16,09:25:00,20,"Xie, Zhexin","Xie, Zhexin","Wang, Bo; Wang, Hexin; Zhang, Hui; Guo, Kai; Wan, Maliang; Rong, linyan; Mu, zhencheng",ihep/csns,"​​RFSOC (Radio Frequency System-on-Chip) integrates FPGA, ARM processors, RF analog-to-digital converters (ADCs), and RF digital-to-analog converters (DACs) onto a single chip, representing a third-generation leap in hardware technology following the shift from analog to digital circuits.​​ Applying RFSOC to accelerator systems ​​significantly enhances operational efficiency while substantially reducing development complexity, hardware maintenance burden, and overall cost.​​ This report ​​will s",1,https://indico.jlab.org/event/939/contributions/17823/,,Newport News Marriott at City Center,
101,101,SRF Controls Talk - To Be Determined,Oral,,,20,"B D, T",,,,,0,https://indico.jlab.org/event/939/contributions/17655/,,,
100,100,China Lab Talk,Oral,2025-10-13,10:46:00,20,"Gao, Zheng",,,,,1,https://indico.jlab.org/event/939/contributions/17533/,,,
66,66,RFSoC based LLRF system design at ALS,Oral,2025-10-16,10:50:00,30,"Du, Qiang","Du, Qiang; Murthy, Shreeharshini; Moore, Victoria; Jurado Lopez, Angel; Penney, Keith; Chin, Michael; Nett, David; Flugstad, Benjamin",,LBNL; Lawrence Berkeley National Laboratory,"The Advanced Light Source (ALS) at LBNL is upgrading several LLRF systems for its Linac and Sub-Harmonic Bunchers, where it is desired to have a unified LLRF system design to support various RF frequencies (at 125MHz, 500MHz and 3GHz) and configurations. This paper demonstrates an open-source, direct sampling RFSoC based LLRF system design, featuring: sample-to-sample Multi-Tile Synchronization, deterministic latency, digital up/down conversion, arbitrary waveform generation and acquisition, in-",1,https://indico.jlab.org/event/939/contributions/17436/,,,
54,54,Overview of Electron Ion Collider RF Systems,Oral,2025-10-13,15:15:00,20,"Narayan, Geetha","Narayan, Geetha","Severino, Freddy; Mernick, Kevin; Verdu Andres, Silvia; Conway, Zack",Brookhaven National Laboratory; Thomas Jefferson National Accelerator Facility,"Brookhaven National Laboratory (BNL) is the future home of Electron-Ion Collider (EIC) project that will be constructed in partnership with Thomas Jefferson National Accelerator Facility (Jefferson Lab, JLAB). The EIC proposal provides a design that utilizes the existing RHIC facility to produce hadron beams, including high-intensity polarized proton beams, to fully meet the requirements for a lasting research program with high potential for new discoveries. It is also planned as a cost-effectiv",2,https://indico.jlab.org/event/939/contributions/17460/,,,
73,73,LLRF activities at CERN,Oral,2025-10-13,09:40:00,12,"Woolley, Ben","Woolley, Ben",,CERN,"This talk will present an overview of the ongoing and future Low-Level RF (LLRF) activities at CERN, addressing the growing challenges of hardware obsolescence, support for legacy systems, and the need for long-term consolidation across the accelerator infrastructure. Major ongoing projects, such as the development of the Crab Cavity controller with beam noise feedback for the High Luminosity LHC, the LLRF system for AWAKE Run 2c, and ongoing efforts in supporting superconducting RF cavity testi",1,https://indico.jlab.org/event/939/contributions/17422/,,,
17,17,Achieving Ultra-Stable RF Control for Plasma Acceleration at LNF-INFN,Oral,2025-10-13,17:05:00,20,"Piersanti, Luca","Piersanti, Luca","Gallo, Alessandro; Serenellini, Beatrice; Scarselletta, Giorgio; Bellaveglia, Marco; Magnanimi, Riccardo; Tocci, Simone; Fang, Xianghe",INFN - LNF; INFN-LNF; Istituto Nazionale di Fisica Nucleare,"The SPARC_LAB facility at LNF includes a high-brightness electron linac dedicated to plasma acceleration studies and R&D. Given the stringent stability requirements on electromagnetic fields, especially for particle-driven plasma acceleration, several upgrades have been implemented over the past two years to enhance RF stability and measurement accuracy. In 2024, the low-level RF system was completely refurbished, replacing the original analog systems with digital ones featuring temperature-stab",1,https://indico.jlab.org/event/939/contributions/17426/,,,
107,107,Amplifier Additive Phase Modulation Noise Characterization and Testing and Theoretical Discussion of White and Flicker Noise Processes in both Small and Large Signal Regions of Operation,Oral,2025-10-14,13:20:00,50,"Merenda, Joseph","Merenda, Joseph",,Mini Circuits,"Amplifier Additive Phase Modulation (APM) noise performance is a critical and often overlooked parameter which may significantly impact the signal integrity of Communication, RADAR, EW, Synthesizer, Frequency Converter, and related equipment. 

This tutorial will address APM noise test equipment capabilities and limitations and will provide a detailed description of Mini-Circuits’ Device Under Test (DUT) characterization procedures and methodologies.

A theoretical discussion of white and fl",1,https://indico.jlab.org/event/939/contributions/17724/,,Newport News Marriott at City Center,
14,14,Development and Testing of a Low-Noise X-Band LLRF Prototype System,Oral,2025-10-15,10:05:00,20,"Meruga, Phani Deep","Meruga, Phani Deep","Gallo, Alessandro; Mostacci, Andrea; Serenellini, Beatrice; Baricevic, Borut; Piersanti, Luca; Cargnelutti, Manuel; Bellaveglia, Marco; Fang, Xianghe",Instrumentation Technologies; Istituto Nazionale di Fisica Nucleare; Sapienza University of Rome,"Low-Level RF (LLRF) systems are fundamental to the precise control of accelerating fields in modern particle accelerators, ensuring the required stability in amplitude and phase to achieve consistent beam quality. As accelerator technologies evolve toward higher frequencies and more compact designs, the X-band regime is increasingly adopted due to its support for high-gradient structures and ultra-short RF pulses. However, the shift to X-band introduces greater sensitivity to phase noise, timing",1,https://indico.jlab.org/event/939/contributions/17410/,,,
89,89,Status of LLRF activities at SLAC,Oral,2025-10-13,11:30:00,12,"Diaz Cruz, Jorge","Benwell, Andy",,SLAC,A status of LLRF activities at SLAC will be presented including operational accelerators and ongoing projects.,1,https://indico.jlab.org/event/939/contributions/17424/,,,
28,28,A high-speed MTCA.4-based digitizer for the LLRF control system of the J-PARC MR,Oral,2025-10-16,09:45:00,20,"Sugiyama, Yasuyuki","Sugiyama, Yasuyuki","Tamura, Fumihiko; Seiya, Kiyomi; Yoshii, Masahito","Japan Atomic Energy Agency, J-PARC Center; KEK/J-PARC","The J-PARC Main Ring (MR) is a high-intensity proton synchrotron that accelerates protons from 3 GeV to 30 GeV. 
Its output beam power for fast extraction reached 830 kW, corresponding to 2.37 × 10$^{14}$ protons per pulse in March 2025.
Coupled bunch oscillation is well suppressed with the newly installed LLRF control system for the MR.
Instead of the coupled bunch instability, longitudinal microwave instability is observed in the later part of the acceleration.
A new high-speed digitizer i",1,https://indico.jlab.org/event/939/contributions/17438/,,,
59,59,Analysis of Required Anode Current in High-Intensity Proton Operations Using LLRF signals and Phasor diagram,Poster,2025-10-15,16:09:00,1,"Seiya, Kiyomi","Seiya, Kiyomi; Sugiyama, Yasuyuki; Tamura, Fumihiko; Yoshii, Masahito",,"Japan Atomic Energy Agency, J-PARC Center; KEK/J-PARC","The J-PARC Main Ring (MR) is progressing toward the delivery of a 1.3 MW proton beam to the Hyper-Kamiokande neutrino experiment by 2028. To achieve this, the number of protons per pulse (ppp) will increase from 2.3E14 to3.1E14 ppp along with a reduction in the repetition cycle from 1.32 s to 1.16 s.

To accommodate the resulting increase in beam loading, the required anode current—supplying power to two 600 kW tetrode vacuum tubes—will approach the maximum rated capacity of 127 A, based on th",0,https://indico.jlab.org/event/939/contributions/17448/,"Poster Session 2 (Software, SRF Ctrl, Timing, Meas & Ctrl, Other)",,
21,21,Update on PIP-II beam pattern generator upgrade,Poster,2025-10-15,16:17:00,1,"Varghese, Philip","Varghese, Philip","Dusatko, John; Chabot, Daron; Sankar Raman, Shrividhyaa; Reyes, Lennon; Guran, Matei",Fermilab; SLAC,"The beam pattern generator enables the transfer of beam pulses from the PIP-II linac to the Booster ring, the two RF systems being non-harmonically related. It is synchronized to the timing system to provide beam arrival information to the downstream accelerator subsystems. The design is being upgraded with COTS components and is being developed with a collaboration with SLAC.The pattern generation, digital signal processing and the user interface to an external EPICS server are integrated onto ",1,https://indico.jlab.org/event/939/contributions/17406/,"Poster Session 2 (Software, SRF Ctrl, Timing, Meas & Ctrl, Other)",,
79,79,LLRF COMMISSIONING OF THE CEBAF C75 UPGRADES SAM 2024/2025,Poster,2025-10-14,15:05:00,5,"Geesaman, Michael","Mounts, Clyde; Latshaw, James; Tiskumara, Jayendrika; Settle, Joshua; Geesaman, Michael; Bachimanchi, Rama; Plawski, Tomasz",,EESRFS; JSA; Jefferson Lab,"One easily overlooked component of Low-Level Radio Frequency (LLRF) design is the commissioning of new system installations.  During Jefferson Lab’s (JLab) 2024 Scheduled Accelerator Maintenance (SAM), two CEBAF zones were upgraded with C75 Cryomodules and JLab’s LLRF 3.0 system.  JLab’s team has invested heavily in the automation and standardization of their commissioning process.  Several key components of this process include verification of the interlocks, klystron characterization and cavit",1,https://indico.jlab.org/event/939/contributions/17462/,"Poster Session 1 (System and Ops, Hardware)",,
22,22,Update on the Fermilab Mu2e LLRF System,Poster,2025-10-14,15:00:00,1,"Guran, Matei","Guran, Matei","Varghese, Philip; Sankar Raman, Shrividhyaa; Reyes, Lennon",Fermilab,The LLRF system for the Mu2e project shares the same primary LLRF hardware as the Muon g-2 experiment which concluded its run last year. Commissioning of the subsystems for the Mu2e experiment is starting this year.The RF components for this system are located at large distances from the LLRF controller. 2.5 MHz beam bunches from the Recycler are transferred to the delivery ring into 2.36 MHz buckets for resonant extraction to the Mu2e beamline. The LLRF hardware is being upgraded to a larger FP,1,https://indico.jlab.org/event/939/contributions/17416/,"Poster Session 1 (System and Ops, Hardware)",,
111,111,The status of the RFPI systems development and preparation for the PIP-II project,Poster,2025-10-14,16:01:00,1,"Cichalewski, Wojciech","Cichalewski, Wojciech","Pękosławski, Bartosz; Jabłoński, Grzegorz; Holzbauer, Jeremiah; Kłys, Kacper; Patel, Niral; Marciniak, Paweł; Varghese, Philip; Amrozik, Piotr; Kiełbik, Rafał; Kotas, Rafał; Jalmuzna, Wojciech; Tylman, Wojciech",FermiLab; Fermilab; Lodz University of Technology - DMCS; Lodz University of Technology Department of Microelectronics and Computer Science,"Ranging from detecting a slow temperature rise to responding rapidly to
excessive current flow in the coupler bias high-voltage circuit, and up
to detecting stray RF signals, the Radio Frequency Protection Interlock
(RFPI) system is designed to monitor numerous cavity-related signals and
react within 100 µs  - 1ms time to any observed violation of safety
margins. This contribution summarizes the current status of the design
and evaluation of a novel RFPI system developed for the Proton
Im",0,https://indico.jlab.org/event/939/contributions/17854/,"Poster Session 1 (System and Ops, Hardware)",,Marriott Ballroom I
56,56,Future Upgrades to the LANSCE Accelerator,Poster,2025-10-14,15:20:00,1,"Van Rooy, Paula","Van Rooy, Paula","Castellano, Lawrence; Brown, Michael; Torrez, Phillip; Dahal, Rupak; Kwon, Sungil",LANL; Los Alamos National Laboratory,"The Los Alamos Neutron Science Center (LANSCE) Accelerator is in the initial planning stages to upgrade the front-end of LANSCE, a project known as the Los Alamos Modernization Project (LAMP). As a part of this upgrade the Low-Level Radio Frequency (LLRF) team will be replacing most of their equipment. This involves removing and installing new equipment related to the sources, injectors, low energy beam transport (LEBT), radio-frequency quadrupole (RFQ), medium energy beam transport (MEBT) and t",0,https://indico.jlab.org/event/939/contributions/17484/,"Poster Session 1 (System and Ops, Hardware)",,
50,50,The RF Test of the FPGA Based Digital Low-Level RF Control System for the LANSCE Proton Storage Ring,Poster,2025-10-15,16:14:00,1,"Brown, Michael","Kwon, Sungil","Castellano, Lawrence; Brown, Michael; Van Rooy, Paula; Torrez, Phillip; Dahal, Rupak",LANL,"As part of the modernization of the Los Alamos Neutron Science Center (LANSCE), a digital low level RF (LLRF) control system for the LANSCE proton storage ring (PSR) is designed. The LLRF control system is implemented in a Field Programmable Gate Array (FPGA). The high resolution tunable 2.8MHz reference RF is generated by a direct digital synthesizer at the LANSCE front end and is transmitted to the PSR control system located  half mile away. Since the digital  LLRF control system is synthesize",0,https://indico.jlab.org/event/939/contributions/17449/,"Poster Session 2 (Software, SRF Ctrl, Timing, Meas & Ctrl, Other)",,
63,63,"A Phase-Stable, Low-Loss, High-Directivity 162.5 MHz Coupler for Use in a Phase Reference Distribution Line",Poster,2025-10-15,16:02:00,1,"Gąsowski, Bartosz","Gąsowski, Bartosz","Papis, Radosław; Czuba, Krzysztof; Grzegrzółka, Maciej","Warsaw University of Technology; Warsaw University of Technology, Institute of Electronic Systems","We present a custom-designed directional coupler intended for use in phase reference distribution systems for linear particle accelerators. Such systems require low phase drift, handle relatively high-power signals, and often are subjected to ionising radiation. The coupler is designed for an operating frequency of 162.5 MHz, 25 dB coupling, and input power in the range of 40-50 dBm. The prototype achieves mainline insertion loss below 0.03 dB and directivity above 35 dB. Its physical length of ",0,https://indico.jlab.org/event/939/contributions/17452/,"Poster Session 2 (Software, SRF Ctrl, Timing, Meas & Ctrl, Other)",,
84,84,LEMP LLRF Firmware and Software,Poster,2025-10-15,16:05:00,1,"Diaz Cruz, Jorge","Diaz Cruz, Jorge","Benwell, Andy; Doolittle, Larry; Sawai, Nashat; Du, Qiang; Murthy, Shreeharshini; Hoobler, Sonya",LBNL; Lawrence Berkeley National Laboratory; SLAC; Stanford Linear Accelerator Center (SLAC),"The LCLS began operations in 2009, utilizing SLAC's normal-conducting LINAC, which features control equipment dating back to the 1960s and 1980s. The Linac Electronics Modernization Plan (LEMP) aims to replace the legacy control equipment with a system based on the open-source Marble carrier board and a modified version of the Zest digitizer board, both of which are used in the LCLS-II HE LLRF system. Adaptation of the LLRF system from the CW SRF LCLS-II to the short RF pulse NC LCLS includes le",1,https://indico.jlab.org/event/939/contributions/17411/,"Poster Session 2 (Software, SRF Ctrl, Timing, Meas & Ctrl, Other)",,
49,49,RF Data Acquisition System for the APS Upgrade,Poster,2025-10-15,16:20:00,1,"Madden, Timothy","Madden, Timothy","Chandler, Elaine; Breeding, John; Vodopivec, Klemen; Veseli, Sinisa; Berenc, Timothy; Yang, Yawei",Argonne National Laboratory; Cutting Edge Communications; Oakridge National Laboratory,"An FPGA- and software - based system has been developed for real-time data acquisition (DAQ) on numerous RF and other technical subsystems of the Advanced Photon Source (APS) accelerator. The software, called DAQ, is based upon the EPICS control system and is tightly integrated to FPGA hardware running on a Micro Telecommunications Architecture (TCA) platform. The FPGA hardware continuously streams data from RF systems over a Peripheral Component Interconnect Express (PCIe) bus as Direct Memory ",1,https://indico.jlab.org/event/939/contributions/17437/,"Poster Session 2 (Software, SRF Ctrl, Timing, Meas & Ctrl, Other)",,
75,75,Fast DAQ for Machine Learning,Poster,2025-10-14,16:00:00,1,"Latshaw, James","Hovater, Curt; Turner, Dennis; Latshaw, James; Tiskumara, Jayendrika; Bachimanchi, Rama; Plawski, Tomasz",,JLAB; JSA; Jefferson Lab,"At the LLRF 2023 conference, Jefferson Lab’s Fast DAQ for Machine Learning was shared. This system equips the legacy CAMAC zones with a digital fast data acquisition system which samples and reports at a rate of 5 kHz to allow for detection of transients that operators would be otherwise blind to. This equips the legacy zones with both real time waveforms of key cavity control signals as well as the ability to trigger when beam is lost in the machine. This poster will help track ongoing efforts ",1,https://indico.jlab.org/event/939/contributions/17402/,"Poster Session 1 (System and Ops, Hardware)",,Marriott Ballroom I
44,44,Development of an FPGA-based Cavity Simulator for Testing RF Controls,Poster,2025-10-15,16:01:00,1,"Singh, Arshdeep","Singh, Arshdeep","Severino, Freddy; Narayan, Geetha; Mernick, Kevin; Fahey, Kyle; McCooey, Michael; Mai, Samson",BNL; Brookhaven National Lab; Brookhaven National Laboratory,"LLRF is used to precisely control the amplitude and phase of the RF field in cavities.  Often times, access to test the control algorithms with RF equipment, especially in the presence of beam, is limited or beyond reach. In such cases, testing must be done through computer modeling or simulations. Computer modeling is often too slow and difficult to interface with the LLRF hardware. Analog or digital cavity simulators are preferred as they allow for interaction with the LLRF controls platform i",1,https://indico.jlab.org/event/939/contributions/17442/,"Poster Session 2 (Software, SRF Ctrl, Timing, Meas & Ctrl, Other)",,
43,43,LLRF Upgrades for Studying Transient Beam-Loading in RHIC 28 MHz Accelerator Cavity for the Electron-Ion Collider,Poster,2025-10-15,16:00:00,1,"Singh, Arshdeep","Singh, Arshdeep","Severino, Freddy; Narayan, Geetha; Mernick, Kevin; Fahey, Kyle; McCooey, Michael; Mai, Samson",BNL; Brookhaven National Lab; Brookhaven National Laboratory,"The 28 MHz cavities, currently used in the Relativistic Heavy Ion Collider (RHIC), will be modified into 24.6 MHz cavities to be used in the Hadron Storage Ring (HSR) for the future Electron-Ion Collider (EIC). One major difference between the EIC and the current RHIC system is that the EIC HSR will host proton beams with 10 times shorter bunch length, 3 to 10 shorter bunch spacing, and up to 3 times higher beam current than those in RHIC. While this will allow for greater luminosity, it will al",1,https://indico.jlab.org/event/939/contributions/17446/,"Poster Session 2 (Software, SRF Ctrl, Timing, Meas & Ctrl, Other)",,
65,65,LCLS-II-HE PHASE REFERENCE LINE,Poster,2025-10-15,16:15:00,1,"Ludlow, Nicholas","Ludlow, Nicholas",,SLAC National Accelerator Laboratory,"The Phase Reference Line (PRL) for LCLS-II-HE is an extension of the PRL used for LCLS-II. The system provides a reference signal of 1300 MHz, a 185.7 MHz reference signal for the timing system, and a 1320 MHz LO for the LLRF system. The 1300 MHz signal is sent along a rigid coaxial cable down in the linac tunnel for minimal changes in length due to thermal expansion and contraction. To cancel out the effect of thermal drift on the phase of the signal, phase averaging is used. For the HE install",0,https://indico.jlab.org/event/939/contributions/17428/,"Poster Session 2 (Software, SRF Ctrl, Timing, Meas & Ctrl, Other)",,
34,34,Initial commissioning of the new beam control system of the Proton Synchrotron at CERN,Poster,2025-10-14,14:10:00,1,"Barrientos, Diego","Barrientos, Diego","Brischetto, Ylenia; Damerau, Heiko; Diaz Ferreira, Francisco Javier; Findlay, Alan; Gavric, Toma; Geis, Korbinian; Lasheen, Alexandre; Woolley, Benjamin",CERN,"The Proton Synchrotron (PS), CERN’s first synchrotron, delivers proton and ion beams with intensities covering almost four orders of magnitude using 25 RF cavities with frequencies ranging from 0.4 to 200 MHz. The LLRF system includes multi-harmonic feedback loops to control the field in the cavities and beam-based loops to perform complex beam manipulations. The current beam control system is implemented using a mix of analog and digital hardware, suffering from obsolescence and reproducibility",1,https://indico.jlab.org/event/939/contributions/17415/,"Poster Session 1 (System and Ops, Hardware)",,
70,70,LLRF Control System for S-Band Deflecting Cavity at SHINE,Poster,2025-10-15,16:23:00,1,"huang, xuefang","huang, xuefang","zheng, xiang; zhao, yubin; xu, kai; zhang, zhigang; wu, hong; yang, wenfeng; yu, yuechao; wu, hailong; jiang, hongru","Shanghai Advanced Research Institute, CAS","A traveling-wave transverse RF deflecting structure enables bunch length measurements at the Shanghai High Repetition Rate XFEL and Extreme Light Facility (SHINE). To enhance amplitude and phase stability in this S-band cavity, an efficient LLRF control system implements pulse-to-pulse techniques: feedforward control dynamically adjusts intra-pulse modulator HV amplitude to regulate klystron output power (accelerating voltage), while feedback control stabilizes phase by adapting the low-level RF",0,https://indico.jlab.org/event/939/contributions/17466/,"Poster Session 2 (Software, SRF Ctrl, Timing, Meas & Ctrl, Other)",,
23,23,Warm Front End upgrade for the PIP-II Linac,Poster,2025-10-14,14:45:00,1,"Reyes, Lennon","Reyes, Lennon","Varghese, Philip; Sankar Raman, Shrividhyaa; Guran, Matei",Fermilab,"The warm front end for the PIP-II linac consists of an Ion-source an RFQ and four buncher cavities. The LLRF systems for these were the first ones developed more than a decade ago for use at the test stands. Some were VXI crate based and others used early generation FPGA boards that are light in resources. These LLRF systems and the one for the first superconducting cryomodule, the HWR will be upraded with the ARRIA10 SOCFPGA chassis with EPICS interfaces like the rest of the PIP-II Linac. The R",1,https://indico.jlab.org/event/939/contributions/17469/,"Poster Session 1 (System and Ops, Hardware)",,
37,37,Few-Femtosecond Synchronization of Independent Beamlines in High-Power Laser Facilities via a Fully-Automated Fiber-Optic Timing System,Poster,2025-10-15,16:07:00,1,"Autuori, Alice","Rückmann, Max; Shafak, Kemal; Dai, Anan; El Sharkawy, Yousef; Khan, Wahab; Kärtner, Franz X.",,Cycle GmbH; Cycle Lasers; Deutsches Elektronen-Synchrotron,"We present a fully automated fiber-optic timing distribution and synchronization system developed for high-power laser facilities that require few-femtosecond synchronization between multiple beamlines, each equipped with an independent seed oscillator.
Building on our previous work in pulsed-optical timing distribution using femtosecond lasers and ultra-low-noise stabilized fiber links*, the system achieves an out-of-loop timing drift of just 5.2 fs RMS over 10 hours between a Ti:Sa laser at 7",0,https://indico.jlab.org/event/939/contributions/17420/,"Poster Session 2 (Software, SRF Ctrl, Timing, Meas & Ctrl, Other)",,
15,15,"Design, characterization and commissioning of X-band LLRF systems for the TEX RF upgrade at LNF-INFN",Poster,2025-10-14,14:50:00,1,"Piersanti, Luca","Piersanti, Luca","Gallo, Alessandro; Serenellini, Beatrice; Cardelli, Fabio; Scarselletta, Giorgio; Latini, Giuila; Bellaveglia, Marco; Scampati, Michele; Magnanimi, Riccardo; Quaglia, Sergio; Tocci, Simone; Pioli, Stefano; Fang, Xianghe",INFN - LNF; INFN-LNF; Istituto Nazionale di Fisica Nucleare,"The TEX (Test-stand for X-band) facility at LNF-INFN was established in 2021 and commissioned in 2022. It serves as an R&D center for X-band technology, supporting activities from waveguide component design and high-power testing to low-level RF (LLRF) system development. TEX is equipped with a 50 MW X-band klystron (CPI, USA) powered by a K400 solid-state modulator (ScandiNova, Sweden), operating at a 50 Hz repetition rate. It was recently upgraded with two additional RF high-power sources: a 2",0,https://indico.jlab.org/event/939/contributions/17421/,"Poster Session 1 (System and Ops, Hardware)",,
105,105,Progress review of the cavity characterization and LLRF operation support tools for ESS by TUL-DMCS,Poster,2025-10-14,15:45:00,5,"Cichalewski, Wojciech","Meiano, Cecilia; Jabłoński, Grzegorz; Kłys, Kacper; Nabywaniec, Mateusz; Pierini, Paolo; Kiełbik, Rafał; Cichalewski, Wojciech; Tylman, Wojciech",,ESS; Lodz University of Technology - DMCS,"Covering topics such as temperature-dependent capacitance of piezo actuators, fast tuner range and polarity determination, Lorentz force detuning coefficient, cavity mechanical response and π-mode detection, through to real-time firmware-based cavity parameter identification, fast and slow quench detection, and more, LUT-DMCS has developed and validated a comprehensive set of firmware and software tools dedicated to the characterization and operational support of ESS superconducting structures.",0,https://indico.jlab.org/event/939/contributions/17700/,"Poster Session 1 (System and Ops, Hardware)",,Marriott Ballroom I
78,78,Local Oscillator Conditioner for the Electron Ion Collider,Poster,2025-10-14,14:35:00,5,"Settle, Joshua","Settle, Joshua","Mernick, Kevin",BNL; Jefferson Lab,"The Electron Ion Collider is an exciting collaborative effort to advance and invest in the future of nuclear physics and accelerator science. Part of this great effort includes designing a diverse set of RF cavities and control systems, in which heterodyning still plays a fundamental role. There are multiple frequencies in the VHF and UHF bands which require up and/or down conversion, and designing one circuit board that can accommodate local oscillator signals for multiple mixing schemes was a ",1,https://indico.jlab.org/event/939/contributions/17399/,"Poster Session 1 (System and Ops, Hardware)",,
10,10,Resonant filling for long pulse operation of EuXFEL using iterative learning based feed forward,Poster,2025-10-15,16:03:00,1,"Richter, Bozo","Richter, Bozo","Branlard, Julien",Deutsches Elektronen-Synchrotron DESY,"A future operation scenario of the European XFEL (EuXFEL) is long pulse (LP) mode, where the 800 superconducting radio frequency (SRF) cavities of the linac are energized with RF pulse lengths of up to 500ms, in contrast to the current short pulse (SP) mode with only 1.4ms. To improve energy efficiency of LP operation, cavities must be operated at bandwidths in the range of tens of Hertz, narrower by a factor of 10 than in SP. Due to peak power limitation of the proposed high power amplifiers, t",0,https://indico.jlab.org/event/939/contributions/17455/,"Poster Session 2 (Software, SRF Ctrl, Timing, Meas & Ctrl, Other)",,
55,55,Status of LCLS-II-HE LLRF Project,Poster,2025-10-14,14:20:00,5,"CHEN, JING","McCollough, Andre; Benwell, Andy; Chabot, Daron; Orrell, Darren; CHEN, JING; Diaz, Jorge; Penney, Keith; Doolittle, Larry; Russo, Lucas; Du, Qiang; Murthy, Shreeharshini; Hoobler, Sonya; Karthik, Vardani; Taylor, Zack",,LBNL; Lawrence Berkeley National Laboratory; SLAC,"The LCLS-II-HE project is a high-energy upgrade to the existing LCLS-II superconducting linac at SLAC, designed to increase the beam energy from 4 GeV to 8 GeV. This upgrade includes the addition of 184 high-energy (HE) SRF cavities operating at an average gradient of 22 MV/m, supplementing the 280 existing LCLS-II SRF cavities. To support these new cavities, the HE LLRF project will deploy 46 LLRF rack systems to provide precise RF field regulation—meeting amplitude and phase stability requirem",0,https://indico.jlab.org/event/939/contributions/17434/,"Poster Session 1 (System and Ops, Hardware)",,
13,13,Reliable operation of PAL-XFEL LLRF,Poster,2025-10-14,14:25:00,5,"Hu, Jinyul","Hu, Jinyul","Min, Chang-Ki",Pohang Accelerator Laboratory (PAL),"The PAL-XFEL LLRF and SSA systems have contributed to the stable operation of PAL-XFEL for nearly a decade with their reliability and robustness. Key achievements of these systems include the development of pulse-by-pulse real-time RF switching function for simultaneous operation of the HX and SX beamlines, development of a converter-type X-band LLRF, and development of a function to improve RF amplitude drift. The systems have faced various challenges during their operation, such as the arrival",1,https://indico.jlab.org/event/939/contributions/17414/,"Poster Session 1 (System and Ops, Hardware)",,
41,41,Minimum-Latency Optical Data Acquisition Link (Modal),Poster,2025-10-14,14:55:00,5,"Grzegrzółka, Maciej","Grzegrzółka, Maciej","Rosengren, Kaj; Czuba, Krzysztof; Jatczak, Paweł","European Spallation Source; Warsaw University of Technology; Warsaw University of Technology, Institute of Electronic Systems","The European Spallation Source (ESS) beam instrumentation generates over 100 gigabytes of data per second from over 100 subsystems along the whole ESS linac. Currently, the data is only processed locally. The development of machine learning techniques and hardware created an opportunity to allow complex analysis of the data coming from the whole accelerator. Such analysis can bring benefits to the accelerator operation and improve its reliability.
The main aim of the  Modal project is to collec",0,https://indico.jlab.org/event/939/contributions/17472/,"Poster Session 1 (System and Ops, Hardware)",,
88,88,The Development of an Ultra-Low Phase Noise Source for Electron-Ion Collider Crab Cavities,Poster,2025-10-14,15:10:00,5,"McCooey, Michael","McCooey, Michael","Singh, Arshdeep; Severino, Freddy; Narayan, Geetha; Mernick, Kevin; Fahey, Kyle; Mai, Samson",BNL; Brookhaven National Lab; Brookhaven National Laboratory; Brookhaven National Labs,"The Electron-Ion Collider (EIC) is a long-term project to design and construct a facility to collide high energy polarized electron beams with polarized proton and heavy ion beams at center of mass energies from 20 to 140 GeV with luminosity up to 1034 cm-2s-1. This facility will be built on top of the Relativistic Heavy Ion Collider (RHIC), Brookhaven National Laboratory’s current operational high energy collider. In order to achieve the high luminosity outlined in the EIC’s design, Crab Caviti",1,https://indico.jlab.org/event/939/contributions/17458/,"Poster Session 1 (System and Ops, Hardware)",,
31,31,Obvious and non-obvious aspects of digital Self-Excited-Loops for SRF cavity control,Poster,2025-10-15,16:12:00,1,"Doolittle, Larry","Doolittle, Larry","Reyes, Lennon; Guran, Matei; Varghese, Philip; Murthy, Shreeharshini; Sankar Raman, Shrividhyaa",Fermilab; LBNL; Lawrence Berkeley National Laboratory,"In 1978, Delayen showed how Self-Excited Loops (SEL) can be used to great advantage for controlling narrow-band SRF cavities. Its key capability is establishing closed-loop amplitude control early in the setup process, stabilizing Lorentz forces to allow cavity tuning and phase loop setup in a stable environment.
As people around the world implement this basic idea with modern FPGA DSP technology, multiple variations and operational scenarios creep in that have both obvious and non-obvious rami",1,https://indico.jlab.org/event/939/contributions/17408/,"Poster Session 2 (Software, SRF Ctrl, Timing, Meas & Ctrl, Other)",,
38,38,Status of DLLRF System Development for Soleil-II Project,Poster,2025-10-15,16:18:00,1,"SREEDHARAN, Rajesh","SREEDHARAN, Rajesh","CHAZEL, Edouard; RIBEIRO, Fernand; Labelle, Jocelyn; ZHAO, Lu; MAURICE, Luc; DIOP, Massamba; LUONG, Michel; PIQUET, Olivier; MARCHAND, Patrick; Lopes, Robert",CEA; Synchrotron SOLEIL; synchrotron soleil,"Within the framework of the SOLEIL upgrade project towards SOLEIL II, a compact Digital Low Level Radio Frequency (DLLRF) system based on the MicroTCA platform is under development. This new system aims to enhance operational flexibility and simplify maintenance compared to the existing analog LLRF. The design originates from a 1.3 GHz DLLRF system developed for the LUCRECE project. Operating at a 10 MHz intermediate frequency (IF) and integrating a ZynqUltraScale+ (ZU+) processing board, the ar",0,https://indico.jlab.org/event/939/contributions/17465/,"Poster Session 2 (Software, SRF Ctrl, Timing, Meas & Ctrl, Other)",,
67,67,Identifying the source of beam loss events with Fast Data Acquisition (DAQ) Chassis,Poster,2025-10-15,16:04:00,1,"Tiskumara, Jayendrika","Tiskumara, Jayendrika","Carpenter, Adam; Bevins, Brian; Mounts, Clyde; Hovater, Curt; Turner, Dennis; Latshaw, James; Bachimanchi, Rama; Powers, Tom; Plawski, Tomasz",EESRFS; JLAB; JLab; JSA; Jefferson Lab,"Determining whether an RF cavity with an undetected gradient or phase transient is the culprit behind a beam loss event has been found to be a valuable tool for CEBAF operations.  Analysis of beam position with the existing switched electrode electronics BPM hardware at the dispersive area and energy variation before a beam loss event was suggested as a method to determine if the beam loss event was correlated with an energy transient. With this purpose in mind, a prototype off-line system was d",0,https://indico.jlab.org/event/939/contributions/17456/,"Poster Session 2 (Software, SRF Ctrl, Timing, Meas & Ctrl, Other)",,
40,40,Phase drift Performance of Coaxial Cables for Phase Reference Distribution Systems,Poster,2025-10-15,16:13:00,1,"Urbański, Maciej","Šerlat, Andžej","Czuba, Krzysztof; Gąsowski, Bartosz; Grzegrzółka, Maciej; Jatczak, Paweł; Papis, Radosław; Rutkowski, Igor; Sikora, Dominik; Urbański, Maciej",Warsaw University of Technology,"Phase reference distribution systems (PRDS) provide highly stable, in terms of amplitude and phase stability, reference signals for every part of particle accelerator control systems, and therefore, are crucial for meeting the beam parameters requirements. Among many PRDS requirements, short and long-term phase stability is paramount. In a brief description, the sources of phase instabilities in PRDS are of short-term character, mainly the phase noise of the RF reference signal source, and long-",0,https://indico.jlab.org/event/939/contributions/17403/,"Poster Session 2 (Software, SRF Ctrl, Timing, Meas & Ctrl, Other)",,
86,86,RF commissioning at SHINE injector,Poster,2025-10-14,15:50:00,5,"zhao, Yubin","zhao, Yubin","Wu, Hailong; Jiang, Hongru; Xu, Kai; Chang, Qiang; Yang, Wenfeng; zheng, Xiang; Huang, Xuefang; Yu, Yuechao; Zhang, Zhigang",Shanghai Advanced Research Institute. CAS,"The SHINE injector consists of an electron gun, a bunching cavity, a single-cavity cryo-module, and an 8-9 cell cryo-module. It has now completed commissioning, with an output energy of 100 MeV and an energy jitter of 0.003% (RMS). The amplitude and phase control accuracy of all RF acceleration structures have met the design specifications.",0,https://indico.jlab.org/event/939/contributions/17423/,"Poster Session 1 (System and Ops, Hardware)",,
32,32,Modernizing SLAC’s NC LINAC LLRF System with the LEMP Platform,Poster,2025-10-14,15:15:00,5,"Sawai, Nashat","Sawai, Nashat",,Stanford Linear Accelerator Center (SLAC),"The Linac Electronics Modernization Plan (LEMP) replaces the aging CAMAC-based low-level RF (LLRF) controls in SLAC’s normal-conducting LINAC. The new system is based on the open-source Marble FPGA carrier and Zest+ digitizer, with a custom RF front end. A prototype has been deployed and tested at station 26-3, demonstrating key functionality including RF control, interlocks, and waveform capture. Development continues on hardware integration, firmware, and CI/CD workflows. This is a preliminary",1,https://indico.jlab.org/event/939/contributions/17432/,"Poster Session 1 (System and Ops, Hardware)",,
90,90,LLRF system upgrade of Argonne Wakefield Accelerator Facility,Poster,2025-10-14,15:25:00,5,"Du, Qiang; Liu, Wanming","Ody, Alexander; Whiteford, Charles; Wisniewski, Eric; Chen, Gongxiaohui; Power, John; Hlavenka, Josh; Penney, Keith; Doolittle, Larry; Russo, Lucas; Du, Qiang; Ji, Qing; Doran, Scott; Murthy, Shreeharshini; Liu, Wanming",,Argonne National Lab; LBNL; Lawrence Berkeley National Laboratory,"In collaboration with the Berkeley Accelerator Controls and Instrumentation Program, the Argonne Wakefield Accelerator Facility successfully completed an upgrade of its Low-Level Radio Frequency (LLRF) system using the LCLS-II LLRF platform. This poster will present the details of the upgrade.",0,https://indico.jlab.org/event/939/contributions/17433/,"Poster Session 1 (System and Ops, Hardware)",,
71,71,LLRF for the L-Band Buncher in SHINE,Poster,2025-10-14,15:55:00,1,"Zhang, Zhigang","Zhang, Zhigang","Wu, Hailong; Jiang, Hongru; Yang, Wenfeng; Zheng, Xiang; Kai, Xu; Huang, Xuefang; Yu, Yuechao; Zhao, Yubin",,"In the Hard X-ray Free Electron Laser (SHINE), the normal-conducting L-band buncher is critical for compressing electron bunches, significantly improving beam quality to meet stringent low-emittance and low-energy-spread injection requirements. Due to its 2-cell structure, a digital LLRF control system which based on an FPGA and RF front-end architecture using I/Q demodulation was designed. This system implements amplitude/phase feedback, frequency tuning, and multi-motor coordination for field ",0,https://indico.jlab.org/event/939/contributions/17443/,"Poster Session 1 (System and Ops, Hardware)",,
45,45,Baseband Digital Network Analyzer Upgrade for LLRF Controllers,Poster,2025-10-15,16:19:00,1,"Mai, Samson","Mai, Samson","Singh, Arshdeep; Severino, Freddy; Narayan, Geetha; Mernick, Kevin; Fahey, Kyle; McCooey, Michael",BNL; Brookhaven National Lab; Brookhaven National Laboratory,"Digital Network Analyzers (DNA) have been implemented in many LLRF systems to help characterize and tune digital feedback loops. A modular DNA has been developed on FPGA and integrated into the current RHIC LLRF infrastructure. The DNA characterizes a system by injecting a complex baseband chirp to calculate the system’s magnitude and phase response. The DNA is also able to measure the open loop gain, gain and phase margins, and loop delay to help fine tune feedback loop parameters. The DNA has ",1,https://indico.jlab.org/event/939/contributions/17413/,"Poster Session 2 (Software, SRF Ctrl, Timing, Meas & Ctrl, Other)",,
72,72,Fault Prediction and Diagnosis for SRF Systems–Focus on RF Power Source  Failures,Poster,2025-10-15,16:28:00,1,"Peng, Jiayi","Peng, Jiayi; Yang, Lijuan","Qiu, Feng",Institute of Modern Physics,"This research aims to develop an efficient and reliable fault detection method for radio frequency (RF) superconducting cavity system power sources. Superconducting cavities are core components of large-scale scientific facilities such as particle accelerators and synchrotron radiation light sources, and their stable operation is crucial for successful experiments. However, as a key component driving superconducting cavities, potential faults in RF power sources can lead to system performance de",0,https://indico.jlab.org/event/939/contributions/17439/,"Poster Session 2 (Software, SRF Ctrl, Timing, Meas & Ctrl, Other)",,
69,69,"Integrated Automation in SHINE LLRF Control System: Design, Implementation and Performance",Poster,2025-10-15,16:06:00,1,"xu, kai","xu, kai","wu, hailong; wu, hong; jiang, hongru; yang, wenfeng; zheng, xiang; huang, xuefang; zhao, yubin; yu, yuechao; zhang, zhigang","Shanghai Advanced Research Institute, CAS","This paper presents the design, implementation, and operational performance of the Low-Level Radio Frequency (LLRF) control system for SHINE. The system adopts a two-layer software architecture to achieve integrated automation in RF field stabilization, fault handling, and multi-cavity coordination. The lower layer utilizes EPICS IOCs implemented on Zynq SoC platforms to provide real-time cavity control. This layer supports multiple operational modes including normal beam operation, maintenance ",0,https://indico.jlab.org/event/939/contributions/17431/,"Poster Session 2 (Software, SRF Ctrl, Timing, Meas & Ctrl, Other)",,
30,30,Transitioning to EPICS at EIC: PSCDrv,Poster,2025-10-15,16:10:00,1,"Fahey, Kyle","Fahey, Kyle","Singh, Arshdeep; De Silva, Chanaka; Severino, Freddy; Narayan, Geetha; Mernick, Kevin; Kabir, Latif; Mai, Samson",Brookhaven National Lab; Brookhaven National Laboratory,"Brookhaven National Lab's Electron-Ion Collider (EIC) plans to migrate from the Accelerator Device Object (ADO) framework developed for Relativistic Heavy Ion Collider (RHIC) applications to the Experimental Physics and Industrial Control System (EPICS) framework. EIC is based on a Common Platform architecture with custom-built hardware for controls and communication between a variety of accelerator component sub-systems: RF, Beam Instrumentation, Power Supplies, Timing, etc. The Common Platform",0,https://indico.jlab.org/event/939/contributions/17425/,"Poster Session 2 (Software, SRF Ctrl, Timing, Meas & Ctrl, Other)",,
19,19,Testing the DAE LLRF system with a PIP-II SSR2 Cavity,Poster,2025-10-14,15:40:00,5,"Sankar Raman, Shrividhyaa","Nasery, Radhika","Varghese, Philip; Sankar Raman, Shrividhyaa; Guran, Matei; Reyes, Lennon; Agashe, Alok",Bhabha Atomic Research Centre; Fermilab,"The PIP-II linac is an international collaboration project with in kind contributions of key subsystems from multiple countires including India(DAE).  In the research and development phase of the project, the LLRF and resonance control systems were jointly developed by BARC and Fermilab and were delivered to Fermilab for testing and validation. Initial testing of the LLRF system was carried out using Fermilab’s analog cavity emulator. Following successful emulator testing, the LLRF system was de",1,https://indico.jlab.org/event/939/contributions/17483/,"Poster Session 1 (System and Ops, Hardware)",,Marriott Ballroom I
74,74,EIC Resonance and Interlocks Control,Poster,2025-10-14,14:15:00,1,"Latshaw, James","Latshaw, James",,JSA,The Electron Ion Collider project is a large and exciting effort within the accelerator community. There will be 8 different styles of Cryomodule and as many varied styles of normal conducting cavities. All of these modules require interlock protection and most require some form of resonance control. This abstract presents the ongoing efforts at Jefferson Lab to develop a modular system which can scale in accordance to a cavities resonance and interlock control needs; thereby reducing the number,1,https://indico.jlab.org/event/939/contributions/17401/,"Poster Session 1 (System and Ops, Hardware)",,
53,53,Design of the Electron-Ion Collider Common Platform and Applications for RF Controls,Poster,2025-10-14,14:40:00,1,"Mernick, Kevin","Mernick, Kevin","Severino, Freddy; Narayan, Geetha; Mai, Samson",Brookhaven National Laboratory,The EIC Common Platform is a modular system architecture which will serve as the basis for EIC Accelerator Controls. It consists of an SoC-based carrier board with up to two independent pluggable FPGA-based Daughtercards. Different types of Daughtercards have custom electronics catering to the specific needs of an application. Daughtercards will have FPGA logic to support a common protocol for communication with the carrier board as well as a basic set of features for programming and telemetry. ,1,https://indico.jlab.org/event/939/contributions/17427/,"Poster Session 1 (System and Ops, Hardware)",,
80,80,RF modeling of EM cavity resonator in Simulink,Poster,2025-10-15,16:24:00,4,"Vekua, Temo","Vekua, Temo",,,"The presentation showcases RF modeling techniques for designing a digital twin of electromagnetic cavity resonators in Simulink. A comprehensive workflow includes:
•	RF data analysis
•	system design
•	budget analysis
•	simulation of RF-controlled components at the system level 
Simulink offers a unified environment for seamlessly integrating RF chains with digital signal processing algorithms and control logic in feedback and feedforward configurations. 
Through simulation-driven insights,",0,https://indico.jlab.org/event/939/contributions/17407/,"Poster Session 2 (Software, SRF Ctrl, Timing, Meas & Ctrl, Other)",,
57,57,Comparative Evaluation of Xilinx RFSoC Platform for Low-Level RF Systems,Poster,2025-10-14,15:35:00,1,"Murthy, Shreeharshini Dharanesh","Murthy, Shreeharshini Dharanesh","Moore, Victoria; Du, Qiang; Jurado Lopez, Angel; Penney, Keith; Nett, David; Flugstad, Benjamin",Lawrence Berkeley National Laboratory,"The rapid advancement of Radio Frequency System-on-Chip (RFSoC) technology from Xilinx (AMD) has enabled the integration of high-speed data converters and programmable logic within a single package. RFSoC platforms are already widely adopted in telecommunications, radar, and satellite communications, where they promise reductions in system footprint and power consumption. However, their suitability for Low-Level RF (LLRF) control systems in accelerator environments—where stability requirements a",0,https://indico.jlab.org/event/939/contributions/17481/,"Poster Session 1 (System and Ops, Hardware)",,Marriott Ballroom I
102,102,Software Talk - To Be Determined,,,,20,,,,,,0,https://indico.jlab.org/event/939/contributions/17666/,,,
2,2,Welcome Reception,,,,90,,,,,,0,https://indico.jlab.org/event/939/contributions/16491/,Welcome Reception,Newport News Marriott at City Center,
99,99,Registration Open and Exhibitor Load In,,,,270,,,,,,0,https://indico.jlab.org/event/939/contributions/17532/,,Newport News Marriott at City Center,
112,112,TBD,,,,20,,,,,,0,https://indico.jlab.org/event/939/contributions/17864/,,Newport News Marriott at City Center,
109,109,Hardware Talk,,,,20,"B D, T",,,,,0,https://indico.jlab.org/event/939/contributions/17785/,,,
4,4,General Session,,,,60,,,,,,0,https://indico.jlab.org/event/939/contributions/16493/,Welcome & LOC Announcements,City Center Marriott,Marriott Ballroom 1
52,52,TBD,,,,20,,,,,,0,https://indico.jlab.org/event/939/contributions/17453/,,,
5,5,General Session,,,,90,,,,,,0,https://indico.jlab.org/event/939/contributions/16494/,Welcome & LOC Announcements,,Ballroom II
1,1,Registration / Exhibitor Load In,,,,240,,,,,,0,https://indico.jlab.org/event/939/contributions/16490/,Exhibits and Poster Hall Open - Light Refreshments Available,,Ballroom I
3,3,Registration,,,,90,,,,,,0,https://indico.jlab.org/event/939/contributions/16492/,Registration and Information Table Open,Newport News Marriott at City Center,
113,113,TBD,,,,20,,,,,,0,https://indico.jlab.org/event/939/contributions/17868/,,Newport News Marriott at City Center,
104,104,Measurement and Controls Talk - TBD,,,,20,"B D, T",,,,,0,https://indico.jlab.org/event/939/contributions/17668/,,,
